brewery,geometry,foundingYear,wikidata-entry
Hirschbräu Hirschlanden,Point(9.499771353 49.474357052),2008,http://www.wikidata.org/entity/Q110938170
Brauerei Bub,Point(11.30893 49.44988),1617,http://www.wikidata.org/entity/Q110572234
Brauerei Torgau,Point(12.98795 51.56027),1865,http://www.wikidata.org/entity/Q113506218
Brauerei C. Franz,Point(8.209689 48.857166),1842,http://www.wikidata.org/entity/Q102426918
Brauerei Spall,Point(9.551171 49.400095),1883,http://www.wikidata.org/entity/Q108096533
Zeltbräu,Point(11.914148 50.325945),1850,http://www.wikidata.org/entity/Q114616947
Brauerei Falter,Point(11.8953441 50.3367852),1734,http://www.wikidata.org/entity/Q116294458
Brauerei Zoller-Hof,Point(9.206169444 48.091344444),1845,http://www.wikidata.org/entity/Q112572001
Bürgerbräu Hof,Point(11.9346324 50.3117515),1864,http://www.wikidata.org/entity/Q114683226
Holsten-Brauerei Kiel,Point(10.132333333 54.338944444),1924,http://www.wikidata.org/entity/Q55738317
Brauerei Zur Eiche (Kiel),Point(10.125472222 54.320083333),1871,http://www.wikidata.org/entity/Q63102380
Hasseröder Brauerei,Point(10.754444444 51.844444444),1872,http://www.wikidata.org/entity/Q20871058
Felsenkeller,Point(8.6696 49.87893),1882,http://www.wikidata.org/entity/Q26772520
Schultheiss-Brauerei,Point(13.343725 52.527849),1871,http://www.wikidata.org/entity/Q61453595
Schultheiß-Patzenhofer-Brauerei,Point(13.21124 52.54677),1928,http://www.wikidata.org/entity/Q63283971
Untere Dorfstraße 34,Point(14.741553 50.944381),1791,http://www.wikidata.org/entity/Q49413694
Brauhaus Sankt Andreasberg,Point(10.51605 51.70872),1553,http://www.wikidata.org/entity/Q43397228
Berliner-Kindl-Brauerei am Brauhausberg,Point(13.06611111 52.38916667),1884,http://www.wikidata.org/entity/Q22944927
Stadtbrauerei Wittichenau; Brauerei mit Schornstein Haschkestraße 33,Point(14.245089 51.38373),1900,http://www.wikidata.org/entity/Q49403869
Herbsthäuser Brauerei,Point(9.82985 49.40431),1581,http://www.wikidata.org/entity/Q76282626
Brauerei Zoller-Hof,Point(9.206169444 48.091344444),1845,http://www.wikidata.org/entity/Q42306250
Brauerei Klotzbücher,Point(9.76845 49.49043),1791,http://www.wikidata.org/entity/Q75976890
Brauerei Krostitz,Point(12.451042128 51.463964336),1900,http://www.wikidata.org/entity/Q49444971
Altes Schloss Hainewalde,Point(14.70917 50.91544),1564,http://www.wikidata.org/entity/Q91240662
Groterjan-Brauerei Prinzenallee,Point(13.382868217 52.554562089),1929,http://www.wikidata.org/entity/Q32662271
Pyraser Brauerei,Point(11.21728337 49.14918124),1870,http://www.wikidata.org/entity/Q20182556
Post Brauerei Weiler,Point(9.914444 47.584389),1650,http://www.wikidata.org/entity/Q17325739
Union-Brauerei,Point(8.79304 53.10098),1907,http://www.wikidata.org/entity/Q19310587
Privatbrauerei Hofmühl,Point(11.168055555 48.893611111),1492,http://www.wikidata.org/entity/Q17053398
Colbitzer Heide-Brauerei,Point(11.610535 52.316675),1872,http://www.wikidata.org/entity/Q16830904
Lindener Aktien-Brauerei,Point(9.71523 52.37007),1871,http://www.wikidata.org/entity/Q1826073
Brauerei Gebrüder Jäcklein,Point(10.923333 50.694167),1897,http://www.wikidata.org/entity/Q900202
Löwenbrauerei (Berlin),Point(13.4967 52.5475),1892,http://www.wikidata.org/entity/Q1879897
Schönbuch Braumanufaktur,Point(9.016926884 48.685021514),1823,http://www.wikidata.org/entity/Q2258867
Privatbrauerei Gaffel Becker & Co,Point(6.956388888 50.946388888),1908,http://www.wikidata.org/entity/Q151607
Heidelberger Brauerei,Point(8.64 49.405),1753,http://www.wikidata.org/entity/Q10294254
LWL-Freilichtmuseum Hagen,Point(7.477222222 51.334722222),1960,http://www.wikidata.org/entity/Q896042
Brauerei Keesmann,Point(10.9056 49.8904),1876,http://www.wikidata.org/entity/Q900266
Aktien-Brauerei-Gesellschaft Friedrichshöhe,Point(13.443625 52.524796),1856,http://www.wikidata.org/entity/Q422019
Private Weißbierbrauerei G. Schneider & Sohn,Point(11.874444444 48.917222222),1872,http://www.wikidata.org/entity/Q2111113
Westfalen Culinarium,Point(9.11077 51.8041),2006,http://www.wikidata.org/entity/Q2565108
Cölner Hofbräu,Point(6.957222222 50.939722222),1904,http://www.wikidata.org/entity/Q153852
Memminger Brauerei,Point(10.168061 47.996685),1886,http://www.wikidata.org/entity/Q1920014
Dortmunder Ritter-Brauerei,Point(7.32861 51.4936),1889,http://www.wikidata.org/entity/Q1250787
Holsten-Brauerei,Point(9.943055555 53.561944444),1879,http://www.wikidata.org/entity/Q460206
Bayerisches Brauerei- und Bäckereimuseum,Point(11.468327 50.114671),1994,http://www.wikidata.org/entity/Q812397
Markus Wasmeier Bauernhof- und Wintersportmuseum,Point(11.8783 47.7075),2007,http://www.wikidata.org/entity/Q266565
Bayerische Staatsbrauerei Weihenstephan,Point(11.729166666 48.396111111),1040,http://www.wikidata.org/entity/Q812294
Klosterbräu Bamberg,Point(10.887 49.8892),1533,http://www.wikidata.org/entity/Q1649984
Zwiefalter Klosterbräu,Point(9.460669444 48.230958333),1521,http://www.wikidata.org/entity/Q244637
Felsenkeller (Dresden),Point(13.70139 51.02278),1856,http://www.wikidata.org/entity/Q1404247
Dortmunder Gildenbrauerei,Point(7.45717 51.5006),1874,http://www.wikidata.org/entity/Q1250750
Karlsburg-Brauerei,Point(8.58296 53.5402),1891,http://www.wikidata.org/entity/Q1277801
Brauerei Beck,Point(8.7925 53.076666666),1873,http://www.wikidata.org/entity/Q106854
Kloster Kreuzberg,Point(9.9754 50.3707),1692,http://www.wikidata.org/entity/Q1775437
Schloss Söldenau,Point(13.21523056 48.56035833),1320,http://www.wikidata.org/entity/Q2243672
Brauerei Bosch,Point(8.409161111 50.927930555),1705,http://www.wikidata.org/entity/Q900128
Edelweißbrauerei Farny,Point(9.879252777 47.729902777),1833,http://www.wikidata.org/entity/Q1283441
Müser-Brauerei,Point(7.32415 51.471613888),1866,http://www.wikidata.org/entity/Q1109975
Sudhaus der Berliner Kindl-Brauerei,Point(13.4308 52.4794),1926,http://www.wikidata.org/entity/Q2363268
Sudhaus der Berliner Kindl-Brauerei,Point(13.4308 52.4794),2014,http://www.wikidata.org/entity/Q2363268
Waldwirtschaft,Point(11.539716079 48.066960199),1900,http://www.wikidata.org/entity/Q2542026
Maisel-Bräu,Point(10.913 49.8929),1894,http://www.wikidata.org/entity/Q6736986
Brauhaus Döbler,Point(10.415995993 49.501918405),1867,http://www.wikidata.org/entity/Q900481
Brauerei Paqué,Point(7.16916667 49.47208333),1836,http://www.wikidata.org/entity/Q14906472
Brauerei Hellein,Point(10.702 49.2042),1717,http://www.wikidata.org/entity/Q900236
Caspary-Brauerei,Point(6.639283 49.743008),1826,http://www.wikidata.org/entity/Q1048121
Obermühle (Görlitz),Point(14.994265 51.143925),1750,http://www.wikidata.org/entity/Q2010460
Einbecker Brauhaus,Point(9.863333333 51.815833333),1378,http://www.wikidata.org/entity/Q323095
Einbecker Brauhaus,Point(9.863333333 51.815833333),1967,http://www.wikidata.org/entity/Q323095
Benediktinerkloster Scheyern,Point(11.453130928 48.5023203),1101,http://www.wikidata.org/entity/Q881489
Dithmarscher Privatbrauerei,Point(9.01284 53.95433),1884,http://www.wikidata.org/entity/Q900263
Privatbrauerei Ernst Barre,Point(8.618888888 52.295),1842,http://www.wikidata.org/entity/Q2111045
Ballhaus Watzke,Point(13.7157 51.0775),1898,http://www.wikidata.org/entity/Q805254
Elbschloss-Brauerei,Point(9.854627 53.549394),1881,http://www.wikidata.org/entity/Q1232781
Brauerei Kaiserdom,Point(10.852222222 49.904166666),1718,http://www.wikidata.org/entity/Q900257
Brauerei zur Malzmühle,Point(6.96068 50.9347),1858,http://www.wikidata.org/entity/Q900427
Binding-Brauerei,Point(8.691063 50.094685),1870,http://www.wikidata.org/entity/Q863650
Kieler Actien-Brauerei,Point(10.1216 54.3122),1871,http://www.wikidata.org/entity/Q1740959
Quellen-Brauerei,Point(7.53144 51.488),1817,http://www.wikidata.org/entity/Q14541100
Benediktinerkloster Weltenburg,Point(11.819722222 48.898888888),601,http://www.wikidata.org/entity/Q260108
Waldschlößchen-Brauerei,Point(13.778136111 51.067911111),1868,http://www.wikidata.org/entity/Q2541853
Palmbräu,Point(8.90857 49.137992),1847,http://www.wikidata.org/entity/Q2048171
Malzfabrik Michael Weyermann,Point(10.895740923 49.904728839),1879,http://www.wikidata.org/entity/Q1887996
Kloster Eldena,Point(13.452219444 54.0892),1101,http://www.wikidata.org/entity/Q455794
Kitzmann-Bräu,Point(11.00818256 49.595107078),1712,http://www.wikidata.org/entity/Q1743963
Schlegel-Scharpenseel-Brauerei,Point(7.21167 51.4808),1854,http://www.wikidata.org/entity/Q2238648
Brauerei Greifenklau,Point(10.8822 49.8836),1719,http://www.wikidata.org/entity/Q900219
Brauerei Ganter,Point(7.860277777 47.990277777),1865,http://www.wikidata.org/entity/Q323969
Burg Trausnitz,Point(12.152121628 48.531675138),1204,http://www.wikidata.org/entity/Q512271
Brauerei Clemens Härle,Point(10.024167 47.823611),1897,http://www.wikidata.org/entity/Q900156
Brauerei Zassenhaus,Point(7.098122 51.338508),1853,http://www.wikidata.org/entity/Q900413
Benediktinerabtei Neuburg,Point(8.74083 49.4189),1101,http://www.wikidata.org/entity/Q334066
Schöneberger Schlossbrauerei,Point(13.3523 52.4816),1867,http://www.wikidata.org/entity/Q2259010
Schöneberger Schlossbrauerei,Point(13.3523 52.4816),1871,http://www.wikidata.org/entity/Q2259010
Einsiedler Brauhaus,Point(12.974747 50.765237),1885,http://www.wikidata.org/entity/Q1309106
Brauerei Carl Bremme,Point(7.20952 51.2684),1842,http://www.wikidata.org/entity/Q900144
Privatbrauerei Eichbaum,Point(8.489813888 49.495791666),1679,http://www.wikidata.org/entity/Q877628
Kronen Privatbrauerei Dortmund,Point(7.47778 51.5031),1430,http://www.wikidata.org/entity/Q1268688
Distelhäuser Brauerei,Point(9.693397 49.598953),1811,http://www.wikidata.org/entity/Q1229442
Brauerei Max Leibinger,Point(9.621844444 47.781452777),1894,http://www.wikidata.org/entity/Q900320
Brauerei zum Schlüssel,Point(6.77464 51.22611),1850,http://www.wikidata.org/entity/Q900425
Braumanufaktur Härke,Point(10.2311 52.3208),1890,http://www.wikidata.org/entity/Q2111040
Dinkelacker,Point(9.170555555 48.768055555),1888,http://www.wikidata.org/entity/Q879110
Kloster Wöltingerode,Point(10.5394 51.9597),1174,http://www.wikidata.org/entity/Q1776289
Maierbräu,Point(11.256 48.3875),1830,http://www.wikidata.org/entity/Q15792923
Zukunft am Ostkreuz,Point(13.46583333 52.50166667),2011,http://www.wikidata.org/entity/Q15855822
Dom-Brauerei,Point(7.029541 50.905188),1894,http://www.wikidata.org/entity/Q1236487
Berg Brauerei,Point(9.735277777 48.2625),1466,http://www.wikidata.org/entity/Q819284
Meckatzer Löwenbräu,Point(9.889722 47.631389),1738,http://www.wikidata.org/entity/Q1788338
Weißbierbrauerei Willner,Point(13.415644 52.555833),1882,http://www.wikidata.org/entity/Q1246395
Herzoglich Bayerisches Brauhaus Tegernsee,Point(11.756666666 47.708333333),1050,http://www.wikidata.org/entity/Q1615321
Brauerei Gebrüder Maisel,Point(11.566666666 49.946388888),1887,http://www.wikidata.org/entity/Q900204
Dortmunder Stifts-Brauerei,Point(7.50389 51.4897),1867,http://www.wikidata.org/entity/Q1250802
Glückauf-Brauerei AG,Point(7.10725 51.4922),1887,http://www.wikidata.org/entity/Q1532748
Fürstlich Fürstenbergische Brauerei,Point(8.49965 47.95174),1283,http://www.wikidata.org/entity/Q1483584
Allgäuer Brauhaus,Point(10.314222222 47.724166666),1911,http://www.wikidata.org/entity/Q2649044
Bötzow-Brauerei,Point(13.4172 52.5303),1864,http://www.wikidata.org/entity/Q1020177
Schlossbrauerei Neunkirchen,Point(7.179776 49.339369),1838,http://www.wikidata.org/entity/Q1789348
Kloster Kreuzberg,Point(9.976055691 50.370740612),1692,http://www.wikidata.org/entity/Q1775437
Böhmisches Brauhaus,Point(13.437158 52.522182),1868,http://www.wikidata.org/entity/Q1019779
Schäffler Bräu,Point(10.1275 47.5976),1868,http://www.wikidata.org/entity/Q2258318
Unionsbräu,Point(11.600843681 48.135425888),1885,http://www.wikidata.org/entity/Q1354245
Aktienbrauerei Kaufbeuren,Point(10.6175 47.877222222),1308,http://www.wikidata.org/entity/Q422034
Wicküler-Brauerei,Point(7.16528 51.2555),1845,http://www.wikidata.org/entity/Q2567692
Radeberger Exportbierbrauerei,Point(13.914046 51.114869),1872,http://www.wikidata.org/entity/Q568797
Stuttgarter Hofbräu,Point(9.156666666 48.761944444),1872,http://www.wikidata.org/entity/Q2359534
Hofbräuhaus am Platzl,Point(11.579722222 48.137777777),1589,http://www.wikidata.org/entity/Q152971
Dortmunder U,Point(7.45362 51.515),1927,http://www.wikidata.org/entity/Q762922
Benediktinerkloster Weißenohe,Point(11.2533 49.6296),,http://www.wikidata.org/entity/Q1776275
Brauhaus Sion,Point(6.95942 50.9394),,http://www.wikidata.org/entity/Q900504
Magerviehhof Friedrichsfelde,Point(13.525 52.5167),,http://www.wikidata.org/entity/Q1335104
Sturmbrauerei,Point(6.49601 50.796089),,http://www.wikidata.org/entity/Q2359297
Schloss Au (Hallertau),Point(11.7428 48.5583),,http://www.wikidata.org/entity/Q2240106
Zum Goldenen Adler,Point(10.972238 49.030496),,http://www.wikidata.org/entity/Q15730745
Irle-Brauerei,Point(8.04854 50.874),,http://www.wikidata.org/entity/Q1640735
Schloss Unteraufseß,Point(11.228367575 49.882788818),,http://www.wikidata.org/entity/Q1403957
Landskron Brau-Manufaktur,Point(14.988333333 51.140277777),,http://www.wikidata.org/entity/Q1803875
Neusser Straße 47 (Köln),Point(6.95704 50.953),,http://www.wikidata.org/entity/Q2663364
Ballsaal Lindengarten,Point(13.7575 51.07888889),,http://www.wikidata.org/entity/Q16774456
Küpper-Brauerei,Point(7.12133 51.2486),,http://www.wikidata.org/entity/Q2753693
Schloss Brake,Point(8.91572 52.0213),,http://www.wikidata.org/entity/Q1290930
Bergschloß-Brauerei Haldensleben,Point(11.42052778 52.30058333),,http://www.wikidata.org/entity/Q820160
Gröningers Braukeller,Point(9.99638889 53.54722222),,http://www.wikidata.org/entity/Q1551656
Gottsmannsgrüner Brauerei,Point(11.800633996 50.384852418),,http://www.wikidata.org/entity/Q1363430
Brauerei Pinkus Müller,Point(7.621666666 51.965555555),,http://www.wikidata.org/entity/Q880090
Jever,Point(7.90199995 53.57600021),,http://www.wikidata.org/entity/Q601859
Kneitinger,Point(12.088826002 49.019712734),,http://www.wikidata.org/entity/Q1777013
Hansens Brauerei,Point(9.433313 54.790817),,http://www.wikidata.org/entity/Q1583763
Zum Schwarzen Adler,Point(10.321095 47.724771),,http://www.wikidata.org/entity/Q15427562
Schloss Blumenthal,Point(11.148533648 48.421031479),,http://www.wikidata.org/entity/Q1730602
Müglitztalbrauerei Glashütte,Point(13.7824 50.8488),,http://www.wikidata.org/entity/Q1958315
Brauerei Hebendanz,Point(11.0568 49.7202),,http://www.wikidata.org/entity/Q900238
Brauhaus am Kreuzberg,Point(10.9555 49.7591),,http://www.wikidata.org/entity/Q900510
Städtische Bierbrauerei Pirna,Point(13.9431 50.9589),,http://www.wikidata.org/entity/Q2359908
Brauerei Schmitt,Point(11.058404 50.724559),,http://www.wikidata.org/entity/Q900376
Haus Luitpoldstraße 3,Point(10.9726 49.0311),,http://www.wikidata.org/entity/Q1590327
Franziskanerinnenkloster Reutberg,Point(11.636416946 47.813265332),,http://www.wikidata.org/entity/Q1450262
Ratsherrn Pilsener,Point(9.968445 53.562993),,http://www.wikidata.org/entity/Q1527803
Fränkisches Freilandmuseum Bad Windsheim,Point(10.422222 49.497222),,http://www.wikidata.org/entity/Q1471250
Thüringer Freilichtmuseum Hohenfelden,Point(11.1647 50.8891),,http://www.wikidata.org/entity/Q2430787
Privatbrauerei Moritz Fiege,Point(7.228388888 51.481472222),,http://www.wikidata.org/entity/Q1360601
Haus Töller,Point(6.94293 50.9303),,http://www.wikidata.org/entity/Q1387555
Gasthof Naundorf,Point(13.6062 51.1101),,http://www.wikidata.org/entity/Q1495502
Löwenapotheke am Kornmarkt,Point(10.456974 51.207827),,http://www.wikidata.org/entity/Q900514
Klosterbrauerei Andechs,Point(11.183055555 47.807777777),,http://www.wikidata.org/entity/Q1776382
Schloss Schmiedelfeld,Point(9.85117 48.9649),,http://www.wikidata.org/entity/Q1337812
Schloss Königs Wusterhausen,Point(13.625 52.2983),,http://www.wikidata.org/entity/Q1544436
Brauereigasthof Bucher,Point(10.371856814 48.553006042),,http://www.wikidata.org/entity/Q17505463
Rupp-Bräu,Point(9.36917 52.2791),,http://www.wikidata.org/entity/Q1362504
Markthalle IX,Point(13.4315 52.5022),,http://www.wikidata.org/entity/Q1226563
Brauerei Gold Ochsen,Point(9.990833333 48.406944444),,http://www.wikidata.org/entity/Q900213
Brauerei Paul Lohse,Point(13.7911 50.7581),,http://www.wikidata.org/entity/Q900331
Gräfliches Hofbrauhaus Freising,Point(11.746808333 48.405930555),,http://www.wikidata.org/entity/Q1551459
Mathäser,Point(11.5636 48.1392),,http://www.wikidata.org/entity/Q1908775
Kloster Dalheim,Point(8.84139 51.5653),,http://www.wikidata.org/entity/Q1565893
Brauereigasthof Kapplerbräu,Point(11.257685895 48.38721482),,http://www.wikidata.org/entity/Q900437
Brauereigasthof in Leinburg,Point(11.30875 49.45003),,http://www.wikidata.org/entity/Q900137
Schloss Bruchhausen,Point(8.53056 51.32),,http://www.wikidata.org/entity/Q1541085
Brauerei Scheidmantel,Point(10.983732994 50.274964884),,http://www.wikidata.org/entity/Q900366
Bischofshof (Regensburg),Point(12.097903016 49.020113181),,http://www.wikidata.org/entity/Q866161
Em Kölsche Boor,Point(6.95675 50.9487),,http://www.wikidata.org/entity/Q969673
Arcobräu,Point(12.96 48.746388888),,http://www.wikidata.org/entity/Q637645
Brauerei Lohmen,Point(14.0093 50.988),,http://www.wikidata.org/entity/Q900309
Brauerei Kelbra,Point(11.0423 51.4342),,http://www.wikidata.org/entity/Q900269
Schloss Stein an der Traun,Point(12.54697916 47.988176775),,http://www.wikidata.org/entity/Q778904
Haus Luitpoldstraße 16,Point(10.9733 49.0307),,http://www.wikidata.org/entity/Q1227520
Benediktinerkloster Mallersdorf,Point(12.254036111 48.778222222),,http://www.wikidata.org/entity/Q881136
Rotes Brauhaus,Point(10.97352 48.93466),,http://www.wikidata.org/entity/Q2168479
Schloss Haus (Neueglofsheim),Point(12.1797 48.9025),,http://www.wikidata.org/entity/Q2241466
Päffgen Kölsch,Point(6.94183 50.9407),,http://www.wikidata.org/entity/Q152198
Schloss Boitzenburg,Point(13.6023 53.2604),,http://www.wikidata.org/entity/Q876376
Dorfkirche Döben,Point(11.772 51.9662),,http://www.wikidata.org/entity/Q1244254
Schloss Hundisburg,Point(11.400247 52.249344),,http://www.wikidata.org/entity/Q1770148
Gasthof zum Engel,Point(10.321647 47.72464),,http://www.wikidata.org/entity/Q15855826
Viktoria-Quartier,Point(13.3814 52.4864),,http://www.wikidata.org/entity/Q2524474
Schussenrieder Brauerei,Point(9.658341 48.004091),,http://www.wikidata.org/entity/Q2800059
Brauerei Schleswig,Point(9.5617 54.5144),,http://www.wikidata.org/entity/Q12302284
Zum Grünen Baum,Point(10.317611111 47.726111111),,http://www.wikidata.org/entity/Q228955
Brauerei zur Stadt Hamburg,Point(10.315342 47.725795),,http://www.wikidata.org/entity/Q15427479
Meierei im Neuen Garten,Point(13.0697 52.4219),,http://www.wikidata.org/entity/Q883074
Bärenquell-Brauerei,Point(13.5065 52.46),,http://www.wikidata.org/entity/Q1019155
Brauerei Alsfeld,Point(9.25984 50.7438),,http://www.wikidata.org/entity/Q15107943
Gasthof Drei Kronen,Point(10.952992724 49.933048011),,http://www.wikidata.org/entity/Q1495495
Altes Brauhaus zu Fallersleben,Point(10.7172 52.4167),,http://www.wikidata.org/entity/Q439166
Altes Brauhaus Rietkötter,Point(7.2195 51.4824),,http://www.wikidata.org/entity/Q439162
Unterhammer (Trippstadt),Point(7.74036 49.3614),,http://www.wikidata.org/entity/Q2497669
Abtei (Marienfeld),Point(8.2808 51.9457),,http://www.wikidata.org/entity/Q2633425
Anderter Brauerei,Point(9.856979 52.363498),,http://www.wikidata.org/entity/Q491736
Lindenbrauerei,Point(7.68528 51.5347),,http://www.wikidata.org/entity/Q1145709
Benediktinerkloster Mallersdorf,Point(12.253666916 48.777601741),,http://www.wikidata.org/entity/Q881136
Schloss Kaltenberg,Point(10.994139557 48.131876483),,http://www.wikidata.org/entity/Q1745170
Haus Luitpoldstraße 14,Point(10.973038028 49.030613677),,http://www.wikidata.org/entity/Q1553374
Brauerei Kesselsdorf,Point(13.593 51.0315),,http://www.wikidata.org/entity/Q900271
Brauerei Lüdde,Point(11.138994 51.788428),,http://www.wikidata.org/entity/Q900306
Klosterbrauerei St. Marienstern,Point(14.2013 51.2327),,http://www.wikidata.org/entity/Q1339794
Altes Brauhaus,Point(10.3103 47.7289),,http://www.wikidata.org/entity/Q439148
Brauerei Rittmayer,Point(10.9828 49.7597),,http://www.wikidata.org/entity/Q900351
Falkenkrug,Point(8.8977 51.932),,http://www.wikidata.org/entity/Q2693970
Dortmunder Union-Brauerei,Point(7.45333 51.5147),,http://www.wikidata.org/entity/Q1250816
Schuchmann’sche Brauerei,Point(9.19364 49.1335),,http://www.wikidata.org/entity/Q2250646
Lommerzheim,Point(6.97364 50.9386),,http://www.wikidata.org/entity/Q1751104
Krongut Bornstedt,Point(13.0309 52.4085),,http://www.wikidata.org/entity/Q896511
Actien-Brauerei Homburg v. d. Höhe,Point(8.6126 50.2319),,http://www.wikidata.org/entity/Q343264
Lenzei,Point(9.04964 48.5203),,http://www.wikidata.org/entity/Q14947900
Altes Brauhaus,Point(10.181281793 49.375473053),,http://www.wikidata.org/entity/Q2651633
Sudhaus,Point(9.258289756 49.702154293),,http://www.wikidata.org/entity/Q98496690
Baudenkmal D-4-63-000-877 in Coburg im Ortsteil Coburg,Point(10.96597066 50.261600815),,http://www.wikidata.org/entity/Q98576609
Baudenkmal D-5-64-000-445 in Nürnberg im Ortsteil Nürnberg-Lorenz,Point(11.072240693 49.448195164),,http://www.wikidata.org/entity/Q98606539
Teil von Baudenkmal D-5-76-121-18 in Georgensgmünd im Ortsteil Georgensgmünd,Point(11.014341265 49.188148708),,http://www.wikidata.org/entity/Q98141788
Brauerei An der Ebrach 6 in Hirschaid (D-4-71-145-19#5),Point(10.953647969 49.807356456),,http://www.wikidata.org/entity/Q98587858
Hofbrauhaus Am Hofbräuhaus 1; Am Hofbräuhaus 3 in Coburg (D-4-63-000-371#6),Point(10.956845784 50.254383301),,http://www.wikidata.org/entity/Q98587027
Brauerei Letzguss,Point(9.270863673 49.39145298),,http://www.wikidata.org/entity/Q95224618
Brauerei Nähe Obere Dorfstraße in Guttenberg (Oberfranken) (D-4-77-118-11#1),Point(11.565978115 50.153594705),,http://www.wikidata.org/entity/Q98587859
Ehem. Brauereigebäude in Ottensoos,Point(11.342498386 49.509060101),,http://www.wikidata.org/entity/Q41390998
Sudhaus Hutgasse 2 in Pappenheim (D-5-77-158-145#1),Point(11.035544272 48.928415981),,http://www.wikidata.org/entity/Q98621438
Brauereikeller In Nemmersdorf in Goldkronach (D-4-72-143-45#3),Point(11.688022714 49.994400715),,http://www.wikidata.org/entity/Q98583191
Ehemaliger Brauereihof,Point(10.162407697 49.738144595),,http://www.wikidata.org/entity/Q41352020
Brauhaus Obere Sandstraße 20 in Bamberg (D-4-61-000-1146#1),Point(10.883708711 49.892276517),,http://www.wikidata.org/entity/Q98587031
Klosterbrauerei Concordiastraße 11 in Bamberg (D-4-61-000-72#1),Point(10.887579413 49.888913486),,http://www.wikidata.org/entity/Q98587863
Schloss Sattelpeilnstein,Point(12.664817935 49.129312976),,http://www.wikidata.org/entity/Q19308718
Baudenkmal D-4-63-000-371 in Coburg im Ortsteil Coburg,Point(10.956906582 50.254161772),,http://www.wikidata.org/entity/Q98581806
Ehemalige Brauerei,Point(11.130207819 49.047875354),,http://www.wikidata.org/entity/Q41371661
Brauhaus Hauptstraße 16; Hauptstraße 20 in Burgkunstadt (D-4-78-116-92#4),Point(11.244662671 50.1620274),,http://www.wikidata.org/entity/Q98587029
Brauhaus Hauptstraße 19 in Memmelsdorf (D-4-71-159-8#1),Point(10.95256828 49.93324637),,http://www.wikidata.org/entity/Q98587018
Ehemaliges Brauerei- und Metzgeranwesen in Lauf an der Pegnitz,Point(11.28227 49.51198),,http://www.wikidata.org/entity/Q41391214
Baudenkmal D-5-64-000-1910 in Nürnberg im Ortsteil Nürnberg-Lorenz,Point(11.066882847 49.448824372),,http://www.wikidata.org/entity/Q98606698
Sudhaus Frankfurter Straße 87 in Würzburg (D-6-63-000-136#2),Point(9.893540167 49.794136237),,http://www.wikidata.org/entity/Q98497107
Brauerei Am Hofbräuhaus 1 in Coburg (D-4-63-000-371#1),Point(10.957650771 50.25352911),,http://www.wikidata.org/entity/Q98587861
Brauereigebäude,Point(9.07713 49.91907),,http://www.wikidata.org/entity/Q41291052
Brauerei Königstadt,Point(13.412856 52.530206),,http://www.wikidata.org/entity/Q32665027
Ehemalige Brauerei,Point(10.16129 49.73715),,http://www.wikidata.org/entity/Q41352057
Brauerei Heubsch 43; Papiermühle in Kasendorf (D-4-77-124-39#1),Point(11.378461174 50.046015752),,http://www.wikidata.org/entity/Q98587856
Brauhaus Am Markt 8 in Weismain (D-4-78-176-177#1),Point(11.24071682 50.085732955),,http://www.wikidata.org/entity/Q98587010
Brauerei Unterkotzauer Weg 11 in Hof (Saale) (D-4-64-000-267#4),Point(11.911930629 50.322510105),,http://www.wikidata.org/entity/Q98587857
Brauerei Marienweiher 30 in Marktleugast (D-4-77-138-29#1),Point(11.636941193 50.158266585),,http://www.wikidata.org/entity/Q98587855
Klosterbräuhaus Steingaden,Point(10.862781689 47.700127694),,http://www.wikidata.org/entity/Q19963759
Wuth’sche Brauerei,Point(8.25635 50.04359),,http://www.wikidata.org/entity/Q96279959
Sudhaus Am Hofbräuhaus 3 in Coburg (D-4-63-000-371#8),Point(10.957033177 50.253717169),,http://www.wikidata.org/entity/Q98588835
Brauhaus St.-Martin-Straße 26 in Scheßlitz (D-4-71-185-238#3),Point(11.07368257 50.011676109),,http://www.wikidata.org/entity/Q98587012
"Kunsthandwerkerhof, ehemalige Brauerei, dreiteiliger Bau",Point(10.56799 50.08258),,http://www.wikidata.org/entity/Q41323546
Kindl-Brauerei,Point(13.470430555 52.541972222),,http://www.wikidata.org/entity/Q23706030
Brauereigebäude,Point(10.134829737 49.69690766),,http://www.wikidata.org/entity/Q41352480
Kronenbrauerei Hardering,Point(6.58072 51.630568),,http://www.wikidata.org/entity/Q19942851
Brauerei Hübner Mosbach,Point(9.149667097 49.353305118),,http://www.wikidata.org/entity/Q95219774
Brauereigasthof,Point(11.41845 49.68187),,http://www.wikidata.org/entity/Q41393687
Brauereigasthof Eschenfelden,Point(11.6168807 49.5796856),,http://www.wikidata.org/entity/Q41404588
Zipf-Bräu,Point(9.655341944 49.619606111),,http://www.wikidata.org/entity/Q42632144
Sudhaus,Point(10.551432651 49.889084128),,http://www.wikidata.org/entity/Q98496805
Sudhaus Am Hofbräuhaus 3 in Coburg (D-4-63-000-371#2),Point(10.957377766 50.253690382),,http://www.wikidata.org/entity/Q98588838
Brauerei Schlappeseppel,Point(9.14299 49.9749),,http://www.wikidata.org/entity/Q41301207
Brauhaus Meißen,Point(13.469769 51.162206),,http://www.wikidata.org/entity/Q61754799
Ehemalige Freyung,Point(10.59673 50.01077),,http://www.wikidata.org/entity/Q41322256
Ehemalige Brauerei,Point(10.0182 49.70747),,http://www.wikidata.org/entity/Q41365650
Ehemalige Brauerei Bullheller,Point(10.43478 50.15315),,http://www.wikidata.org/entity/Q41321542
Teil von Baudenkmal D-5-76-121-18 in Georgensgmünd im Ortsteil Georgensgmünd,Point(11.014603326 49.188226335),,http://www.wikidata.org/entity/Q98141789
Sudhaus Hauptstraße 55 in Reckendorf (D-4-71-175-30#1),Point(10.826417316 50.019879897),,http://www.wikidata.org/entity/Q98588826
Teil von Baudenkmal D-1-72-116-295 in Berchtesgaden im Ortsteil Berchtesgaden,Point(13.00667266 47.634270795),,http://www.wikidata.org/entity/Q98100435
Brauerei Schloß 1 in Pommersfelden (D-4-71-172-31#7),Point(10.819806804 49.762333652),,http://www.wikidata.org/entity/Q98587853
Rathaus Fürstenwalde,Point(14.063436 52.358527),,http://www.wikidata.org/entity/Q19298958
Gebrüder Treitschke,Point(11.016196 50.960529),,http://www.wikidata.org/entity/Q21685518
Ehemalige Brauerei Gassner,Point(10.15941 49.73873),,http://www.wikidata.org/entity/Q41351988
Brauhaus Recheldorf 24 in Untermerzbach (D-6-74-210-77#1),Point(10.8546997 50.116715453),,http://www.wikidata.org/entity/Q98482504
Brauhaus Hauptstraße 51 in Ebensfeld (D-4-78-120-12#2),Point(10.957595864 50.066571201),,http://www.wikidata.org/entity/Q98587025
Ehemaliger Brauereigasthof,Point(10.85441 50.11672),,http://www.wikidata.org/entity/Q41323000
Brauereikeller Lichtenfelser Weg 26 in Lichtenfels (Oberfranken) (D-4-78-139-333#1),Point(11.066636699 50.157079305),,http://www.wikidata.org/entity/Q98583188
Brauereikeller Schützenweg 6; Unterkotzauer Weg 13 in Hof (Saale) (D-4-64-000-267#5),Point(11.911515699 50.322627031),,http://www.wikidata.org/entity/Q98583190
Teil von Baudenkmal D-5-76-132-27 in Schwanstetten im Ortsteil Schwand b.Nürnberg,Point(11.121227062 49.297005837),,http://www.wikidata.org/entity/Q98142116
Schlossbrauerei Schloßstraße 18 in Muhr am See (D-5-77-114-27#2),Point(10.705739375 49.154446515),,http://www.wikidata.org/entity/Q98620734
Ehemaliges Brauhaus in Hersbruck,Point(11.43020684 49.509331286),,http://www.wikidata.org/entity/Q41385107
Stadtbrauerei Arnstadt,Point(10.95252683 50.827314197),,http://www.wikidata.org/entity/Q20481564
Hirschbrauerei Schilling,Point(9.509330555 48.491983333),,http://www.wikidata.org/entity/Q92777229
Teil von Baudenkmal D-1-72-116-295 in Berchtesgaden im Ortsteil Berchtesgaden,Point(13.00746568 47.634815999),,http://www.wikidata.org/entity/Q98100431
Brauerei Neundorf 41 in Mitwitz (D-4-76-154-47#1),Point(11.213800226 50.261462227),,http://www.wikidata.org/entity/Q98587854
Rathaus Münden,Point(9.651204 51.417291),,http://www.wikidata.org/entity/Q22693576
Brauerei,Point(9.249342322 49.699262484),,http://www.wikidata.org/entity/Q41377905
Historische Brennerei Rönsahl,Point(7.50604 51.111364),,http://www.wikidata.org/entity/Q22671685
Brauerei,Point(9.893074592 49.793960025),,http://www.wikidata.org/entity/Q98482791
Stadtmauer,Point(10.006499699 50.401693413),,http://www.wikidata.org/entity/Q41378920
Altenauer Brauerei,Point(10.448333333 51.800833333),,http://www.wikidata.org/entity/Q52060253
Brauhaus Schlammersdorfer Straße 17 in Hallerndorf (D-4-74-133-53#1),Point(11.005233084 49.769200189),,http://www.wikidata.org/entity/Q98587021
Brauhaus Am Marktplatz 10 in Rattelsdorf (D-4-71-174-89#1),Point(10.863608475 50.061924592),,http://www.wikidata.org/entity/Q98587016
Brauerei,Point(9.892641401 49.79382431),,http://www.wikidata.org/entity/Q98483929
Brauhaus,Point(10.688136764 50.088326732),,http://www.wikidata.org/entity/Q98482500
Brauerei Kartäuserstraße 14 a in Ochsenfurt (D-6-79-170-370#1),Point(10.023495711 49.653433189),,http://www.wikidata.org/entity/Q98482496
Sudhaus Hauptstraße 219 in Miltenberg (D-6-76-139-156#1),Point(9.249110289 49.699279064),,http://www.wikidata.org/entity/Q98496689
Baudenkmal D-5-71-136-347 in Dinkelsbühl im Ortsteil Dinkelsbühl,Point(10.32088102 49.068485137),,http://www.wikidata.org/entity/Q98608445
Brauerei Oberend 1 a in Scheßlitz (D-4-71-185-61#1),Point(11.03435337 49.976898367),,http://www.wikidata.org/entity/Q98587852
Brauhaus,Point(10.144571144 49.668161101),,http://www.wikidata.org/entity/Q98482502
Sudhaus Unterkotzauer Weg 9 in Hof (Saale) (D-4-64-000-267#3),Point(11.912066179 50.322452151),,http://www.wikidata.org/entity/Q98588832
Brauerei Klosterstraße 8 in Forchheim (D-4-74-126-167#1),Point(11.06349676 49.717593454),,http://www.wikidata.org/entity/Q98587860
Lammbrauerei (Burgau),Point(10.40802956 48.43173981),,http://www.wikidata.org/entity/Q21095958
Baudenkmal D-5-64-000-1250 in Nürnberg im Ortsteil Nürnberg-Lorenz,Point(11.067149994 49.448806245),,http://www.wikidata.org/entity/Q98608439
Brauerei,Point(10.597121649 50.010723803),,http://www.wikidata.org/entity/Q98482094
Baudenkmal D-5-64-000-1748 in Nürnberg im Ortsteil Großreuth h.d.Veste,Point(11.083976326 49.464621815),,http://www.wikidata.org/entity/Q98608497
Brauerei Kartäuserstraße 14 b in Ochsenfurt (D-6-79-170-370#2),Point(10.023653013 49.65313839),,http://www.wikidata.org/entity/Q98482498
Ehemaliges Bräuhaus des Franziskanerklosters,Point(11.471531857 49.036093582),,http://www.wikidata.org/entity/Q41281060
Brauhaus Bischof-Senger-Straße 18 in Ebensfeld (D-4-78-120-52#1),Point(10.932217907 50.080502023),,http://www.wikidata.org/entity/Q98587023
Brauhaus Hauptstraße 39 in Scheßlitz (D-4-71-185-45#1),Point(11.033545304 49.976532806),,http://www.wikidata.org/entity/Q98587014
Schlenkerla,Point(10.884722222 49.891666666),,http://www.wikidata.org/entity/Q27905702
Brauerei Dorfplatz 2 in Ebern (D-6-74-130-152#1),Point(10.688787263 50.088739074),,http://www.wikidata.org/entity/Q98482494
"Brauerei Herzog-Ludwig-Straße 5, Herzog-Ludwig-Straße 1 in Markt Schwaben",Point(11.867917 48.190855),,http://www.wikidata.org/entity/Q41245933
Löwenbrauerei,Point(9.24909 49.69926),,http://www.wikidata.org/entity/Q41377907
Brauerei Oberkonnersreuther Straße 6 a; Oberkonnersreuther Straße 6 b; Oberkonnersreuther Straße 6 c; Oberkonnersreuther Straße 6 d; Oberkonnersreuther Straße 6 e in Bayreuth (D-4-62-000-430#2),Point(11.599884642 49.92451212),,http://www.wikidata.org/entity/Q98587862
Ehemaliges Schlossbräuhaus in Hersbruck,Point(11.43059 49.50734),,http://www.wikidata.org/entity/Q41385388
Schloss Wörth an der Isar,Point(12.33828 48.62255),,http://www.wikidata.org/entity/Q23787099
Brauerei Hof a.Regen 56 in Nittenau (D-3-76-149-67#10),Point(12.216690409 49.206965506),,http://www.wikidata.org/entity/Q98682077
Brauerei Rote Straße 8 in Zirndorf (D-5-73-134-39#6),Point(10.955271422 49.443096022),,http://www.wikidata.org/entity/Q98635202
Sudhaus Pillham 23 in Ruhstorf an der Rott (D-2-75-145-47#1),Point(13.320133694 48.452861426),,http://www.wikidata.org/entity/Q98700381
Brauerei Bundesstraße 13 in Parsberg (D-3-73-151-48#1),Point(11.730267893 49.116553401),,http://www.wikidata.org/entity/Q98682213
Brauerei Bahnhofstraße 11 in Pfeffenhausen (D-2-74-172-4#2),Point(11.966629155 48.665207996),,http://www.wikidata.org/entity/Q98699523
Brauhaus Kirchgasse 9 in Mühlhausen (Oberpfalz) (D-3-73-146-3#2),Point(11.443996188 49.16871642),,http://www.wikidata.org/entity/Q98680653
Brauhaus Arnulfsplatz 6 in Regensburg (D-3-62-000-165#1),Point(12.08872939 49.020018165),,http://www.wikidata.org/entity/Q98682869
Brauerei Marktplatz 10 in Georgensgmünd (D-5-76-121-18#1),Point(11.014341265 49.188148708),,http://www.wikidata.org/entity/Q98626464
Sudhaus Bräuhausplatz 4; Bräuhausplatz 6 in Passau (D-2-62-000-657#3),Point(13.443422877 48.577864849),,http://www.wikidata.org/entity/Q98698648
Brauhaus Obermögersheim 138 in Wassertrüdingen (D-5-71-214-98#1),Point(10.655307622 49.060964419),,http://www.wikidata.org/entity/Q98630606
Brauerei Römerstraße 2 in Weihmichl (D-2-74-187-13#1),Point(11.991995344 48.618031672),,http://www.wikidata.org/entity/Q98699687
Schlossbrauerei Blumenthal 1 in Aichach (D-7-71-113-60#12),Point(11.147464427 48.42135187),,http://www.wikidata.org/entity/Q98723075
Klosterbrauerei Oberschönenfeld 1 in Gessertshausen (D-7-72-148-13#2),Point(10.726236109 48.312506581),,http://www.wikidata.org/entity/Q98723563
Brauerei Hauptstraße 27 in Markt Erlbach (D-5-75-145-11#1),Point(10.653796264 49.493094322),,http://www.wikidata.org/entity/Q98629299
Brauerei Hopfenstraße 3 in Siegenburg (D-2-73-172-30#2),Point(11.849524135 48.753977444),,http://www.wikidata.org/entity/Q98699256
Klosterbrauerei Hauptstraße 46; Hauptstraße 48 in Rotthalmünster (D-2-75-143-54#7),Point(13.177191954 48.395963027),,http://www.wikidata.org/entity/Q98700477
Brauhaus Spielberg 1 in Gnotzheim (D-5-77-133-17#1),Point(10.719503975 49.048078976),,http://www.wikidata.org/entity/Q98626671
Brauerei Rote Straße 8 in Zirndorf (D-5-73-134-39#5),Point(10.954999163 49.443143819),,http://www.wikidata.org/entity/Q98635201
Baudenkmal D-1-62-000-3750 in München im Ortsteil München,Point(11.542723968 48.139219576),,http://www.wikidata.org/entity/Q98650325
Brauerei Kirchplatz 3 in Schmiechen (D-7-71-163-3#1),Point(10.961837487 48.21231835),,http://www.wikidata.org/entity/Q98723351
Brauerei,Point(10.422886718 49.415892768),,http://www.wikidata.org/entity/Q98630504
Baudenkmal D-2-73-172-30 in Siegenburg im Ortsteil Siegenburg,Point(11.849207775 48.753734992),,http://www.wikidata.org/entity/Q98696269
Baudenkmal D-1-84-139-20 in Pullach im Isartal im Ortsteil Pullach i.Isartal,Point(11.539518984 48.067544209),,http://www.wikidata.org/entity/Q98644918
Brauerei Marktplatz 4 in Pfeffenhausen (D-2-74-172-20#1),Point(11.964666104 48.665180806),,http://www.wikidata.org/entity/Q98699486
Brauereikeller In Katzenrohrbach in Walderbach (D-3-72-170-23#1),Point(12.398020541 49.178634357),,http://www.wikidata.org/entity/Q98683810
Baudenkmal D-1-62-000-4977 in München im Ortsteil München,Point(11.581368965 48.123417792),,http://www.wikidata.org/entity/Q98644348
Brauerei Marktplatz 5; Nähe Am Hofgarten in Winklarn (Oberpfalz) (D-3-76-178-11#1),Point(12.480756813 49.426582444),,http://www.wikidata.org/entity/Q98684286
Brauerei Bachgasse 15 in Weißenburg in Bayern (D-5-77-177-100#1),Point(10.975435043 49.029406673),,http://www.wikidata.org/entity/Q98634898
Brauerei Nähe Herzogenauracher Straße in Fürth (D-5-63-000-1653#4),Point(10.966227733 49.527280266),,http://www.wikidata.org/entity/Q98634558
Baudenkmal D-3-62-000-893 in Regensburg im Ortsteil Regensburg,Point(12.10558774 49.018492238),,http://www.wikidata.org/entity/Q98671571
Sudhaus Dambacher Straße 49 in Fürth (D-5-63-000-1274#1),Point(10.985670184 49.466959487),,http://www.wikidata.org/entity/Q98625079
Brauhaus Unterwildenau 17 a in Luhe-Wildenau (D-3-74-133-26#5),Point(12.13555768 49.600340939),,http://www.wikidata.org/entity/Q98680305
Klosterbrauerei Klosterhof 3; Klosterhof 4 in Auerbach in der Oberpfalz (D-3-71-113-90#5),Point(11.586153005 49.703913221),,http://www.wikidata.org/entity/Q98676405
Brauhaus Schloßstraße 1 a in Langquaid (D-2-73-141-19#1),Point(12.014743894 48.784982015),,http://www.wikidata.org/entity/Q98699009
Brauerei Marktplatz 5 in Ortenburg (D-2-75-138-24#1),Point(13.223493091 48.547002299),,http://www.wikidata.org/entity/Q98700124
Brauerei Am Marktplatz 7 in Schwanstetten (D-5-76-132-27#1),Point(11.121227062 49.297005837),,http://www.wikidata.org/entity/Q98633480
Klosterbrauerei Klosterplatz 1 in Berching (D-3-73-112-152#6),Point(11.454275495 49.068191357),,http://www.wikidata.org/entity/Q98676868
Baudenkmal D-1-79-134-41 in Maisach im Ortsteil Maisach,Point(11.263081186 48.217009258),,http://www.wikidata.org/entity/Q98646365
Brauerei Bahnhofstraße 11 in Pfeffenhausen (D-2-74-172-4#1),Point(11.966360469 48.665305725),,http://www.wikidata.org/entity/Q98699628
Brauerei Schloßberg 3 in Guteneck (D-3-76-133-1#2),Point(12.27635937 49.445483568),,http://www.wikidata.org/entity/Q98679018
Sudhaus Nähe Herzogenauracher Straße in Fürth (D-5-63-000-1653#3),Point(10.966395674 49.527389812),,http://www.wikidata.org/entity/Q98634557
Brauerei Rote Straße 10 in Zirndorf (D-5-73-134-39#3),Point(10.954784397 49.442917802),,http://www.wikidata.org/entity/Q98635199
Brauerei Hauptstraße 34 in Niederviehbach (D-2-79-130-56#1),Point(12.38297192 48.615212627),,http://www.wikidata.org/entity/Q98701858
Brauerei Geslauer Straße 3 in Windelsbach (D-5-71-225-1#2),Point(10.300117385 49.397691632),,http://www.wikidata.org/entity/Q98635053
Brauerei Kappadocia 1 in Schwabach (D-5-65-000-275#1),Point(11.022602787 49.3297458),,http://www.wikidata.org/entity/Q98633337
Klosterbrauerei Kapuzinerstraße 5 in Neumarkt in der Oberpfalz (D-3-73-147-16#2),Point(11.462269674 49.279568809),,http://www.wikidata.org/entity/Q98681881
Brauerei Rote Straße 10 in Zirndorf (D-5-73-134-39#8),Point(10.955239034 49.442889912),,http://www.wikidata.org/entity/Q98635204
Schlossbrauerei Hofmark 6; Landshuter Straße 9 in Neufraunhofen (D-2-74-154-2#13),Point(12.211991452 48.392573742),,http://www.wikidata.org/entity/Q98698951
Baudenkmal D-2-63-000-161 in Straubing im Ortsteil Straubing,Point(12.561778622 48.880790312),,http://www.wikidata.org/entity/Q98696251
Brauerei Schloßplatz 3 in Maxhütte-Haidhof (D-3-76-141-17#4),Point(12.113521766 49.183176421),,http://www.wikidata.org/entity/Q98680455
Klosterbrauerei Klosterhof 9 in Speinshart (D-3-74-157-6#1),Point(11.819677867 49.786883471),,http://www.wikidata.org/entity/Q98683302
Brauhaus Christdobl 2 in Passau (D-2-62-000-648#1),Point(13.477048158 48.581167926),,http://www.wikidata.org/entity/Q98697869
Brauhaus Untere Bachgasse 8 in Regensburg (D-3-62-000-571#1),Point(12.094500916 49.019310302),,http://www.wikidata.org/entity/Q98682809
Brauerei Rote Straße 8 in Zirndorf (D-5-73-134-39#7),Point(10.955292519 49.443314662),,http://www.wikidata.org/entity/Q98635203
Brauerei Fischerstraße 19 in Kempten (Allgäu) (D-7-63-000-52#1),Point(10.31535096 47.725725198),,http://www.wikidata.org/entity/Q98722893
Schlossbrauerei Am Schloß 3 in Sünching (D-3-75-201-4#5),Point(12.352626456 48.877144059),,http://www.wikidata.org/entity/Q98683462
Brauhaus Muglhofer Straße 13 in Vohenstrauß (D-3-74-162-112#2),Point(12.265028037 49.641868929),,http://www.wikidata.org/entity/Q98683741
Brauerei Vogteiplatz 8 in Herrieden (D-5-71-166-57#4),Point(10.499847195 49.23385653),,http://www.wikidata.org/entity/Q98627925
Brauerei Schulstraße 2 in Gotteszell (D-2-76-123-7#2),Point(12.966496508 48.962665087),,http://www.wikidata.org/entity/Q98700829
Brauhaus Beilngrieser Straße 14 a in Dietfurt an der Altmühl (D-3-73-121-92#1),Point(11.561476872 49.022730542),,http://www.wikidata.org/entity/Q98678064
Brauerei Marktplatz 7 in Eckental (D-5-72-121-16#1),Point(11.198377487 49.574702465),,http://www.wikidata.org/entity/Q98623372
Brauerei,Point(10.711348601 49.378540899),,http://www.wikidata.org/entity/Q98628626
Brauhaus Marktplatz 14 (D-5-74-139-15#1),Point(11.30891817 49.449930627),,http://www.wikidata.org/entity/Q98629163
Brauereikeller Brand in Markt Berolzheim (D-5-77-149-30#1),Point(10.837017036 48.99975005),,http://www.wikidata.org/entity/Q98629281
Brauerei Färberstraße 39 in Nürnberg (D-5-64-000-445#2),Point(11.072146613 49.44810328),,http://www.wikidata.org/entity/Q98630121
Brauerei Spitalgasse 2 in Regensburg (D-3-62-000-1025#2),Point(12.095738658 49.0241018),,http://www.wikidata.org/entity/Q98682743
Brauerei Marktplatz 1 in Nennslingen (D-5-77-151-10#1),Point(11.132671795 49.047161878),,http://www.wikidata.org/entity/Q98629768
Baudenkmal D-7-62-000-386 in Kaufbeuren im Ortsteil Kaufbeuren,Point(10.617163489 47.877293926),,http://www.wikidata.org/entity/Q98717584
Brauerei Dambacher Straße 49 in Fürth (D-5-63-000-1274#2),Point(10.98527834 49.466784141),,http://www.wikidata.org/entity/Q98625082
Klosterbrauerei Freiherr-von-Aretin-Platz 1 in Aldersbach (D-2-75-114-1#4),Point(13.085255305 48.587345024),,http://www.wikidata.org/entity/Q98700025
Brauhaus Marktplatz 1 in Lichtenau (Mittelfranken) (D-5-71-175-13#1),Point(10.686821331 49.276741326),,http://www.wikidata.org/entity/Q98636045
Schlossbrauerei Nürnberger Straße 13 in Nittendorf (D-3-75-175-8#1),Point(11.985031881 49.030665158),,http://www.wikidata.org/entity/Q98682119
Brauhaus Schloss Schwarzenberg,Point(10.474945688 49.672573803),,http://www.wikidata.org/entity/Q98633502
Baudenkmal D-1-80-117-453 in Garmisch-Partenkirchen im Ortsteil Partenkirchen,Point(11.110635938 47.493242959),,http://www.wikidata.org/entity/Q98646391
Brauhaus Schloßgut 1 in Bernhardswald (D-3-75-119-7#3),Point(12.264106598 49.125227896),,http://www.wikidata.org/entity/Q98677013
Baudenkmal D-3-74-129-66 in Kirchenthumbach im Ortsteil Kirchenthumbach,Point(11.723975335 49.7458635),,http://www.wikidata.org/entity/Q98671762
Brauerei Ägidienplatz 2 in Regensburg (D-3-62-000-86#2),Point(12.090547754 49.017369946),,http://www.wikidata.org/entity/Q98682586
Brauerei Hauptstraße 2 in Polsingen (D-5-77-162-14#1),Point(10.758868326 48.935087427),,http://www.wikidata.org/entity/Q98622643
Sudhaus Wörnitzstraße 1 a in Dinkelsbühl (D-5-71-136-659#2),Point(10.321737034 49.069882725),,http://www.wikidata.org/entity/Q98622632
Spital Spitalstraße 5 (D-5-74-138-149#5),Point(11.281796416 49.510669058),,http://www.wikidata.org/entity/Q98629080
Brauereikeller Albrechtsgasse 34 in Straubing (D-2-63-000-10#1),Point(12.572150471 48.884200277),,http://www.wikidata.org/entity/Q98697878
Brauereikeller Buchleite in Markt Berolzheim (D-5-77-149-30#2),Point(10.838865623 49.000644022),,http://www.wikidata.org/entity/Q98629282
Brauerei Rote Straße 10 in Zirndorf (D-5-73-134-39#4),Point(10.954958974 49.442981602),,http://www.wikidata.org/entity/Q98635200
Brauerei Südliche Mauerstraße 11 b in Schwabach (D-5-65-000-197#1),Point(11.01639758 49.329276307),,http://www.wikidata.org/entity/Q98633399
Brauerei Herzog-Wilhelm-Straße 28 in Steindorf (Schwaben) (D-7-71-168-10#2),Point(11.022649458 48.218853166),,http://www.wikidata.org/entity/Q98723365
Schlossbrauerei Arcostraße 2 in Postau (D-2-74-174-7#4),Point(12.318407338 48.674052518),,http://www.wikidata.org/entity/Q98699735
Brauhaus Im Dorf 1 in Kohlberg (Oberpfalz) (D-3-74-131-12#2),Point(11.992686913 49.618659357),,http://www.wikidata.org/entity/Q98679964
Brauerei Herrenstraße 10 in Bad Kötzting (D-3-72-137-9#2),Point(12.855792189 49.174880768),,http://www.wikidata.org/entity/Q98676462
Baudenkmal D-1-87-134-33 in Griesstätt im Ortsteil Griesstätt,Point(12.176845609 48.006965215),,http://www.wikidata.org/entity/Q98650811
Brauhaus Schönbrunner Straße 2 in Landshut (D-2-61-000-352#3),Point(12.16289812 48.536629886),,http://www.wikidata.org/entity/Q98697949
Brauerei Herzogenauracher Straße 3 in Fürth (D-5-63-000-1653#2),Point(10.966572867 49.527226577),,http://www.wikidata.org/entity/Q98634556
Klosterbrauerei Klosterplatz 1 in Berching (D-3-73-112-152#5),Point(11.454634307 49.068508357),,http://www.wikidata.org/entity/Q98676870
Brauerei Lamer Straße 8 in Hohenwarth (Landkreis Cham) (D-3-72-135-12#1),Point(12.951255848 49.203819226),,http://www.wikidata.org/entity/Q98679343
Brauhaus Nördlinger Straße 4 in Dinkelsbühl (D-5-71-136-347#1),Point(10.320664111 49.068273734),,http://www.wikidata.org/entity/Q98622603
Brauereikeller Nähe Rittersbacher Straße in Georgensgmünd (D-5-76-121-18#2),Point(11.014603326 49.188226335),,http://www.wikidata.org/entity/Q98626465
Brauerei Kelsstraße 38 in Neustadt an der Donau (D-2-73-152-44#1),Point(11.744475487 48.836413973),,http://www.wikidata.org/entity/Q98699045
Brauerei Regensburger Straße 26 in Straubing (D-2-63-000-161#3),Point(12.56131389 48.880911731),,http://www.wikidata.org/entity/Q98700766
Baudenkmal D-3-77-118-16 in Friedenfels im Ortsteil Friedenfels,Point(12.104101599 49.88356494),,http://www.wikidata.org/entity/Q98671936
Brauerei Rottenburger Straße 27 in Wildenberg (D-2-73-181-4#1),Point(11.904203733 48.730019886),,http://www.wikidata.org/entity/Q98699271
Brauerei Rote Straße 10 in Zirndorf (D-5-73-134-39#9),Point(10.954990521 49.442659985),,http://www.wikidata.org/entity/Q98635205
Klosterbrauerei Nähe Hauptstraße in Medlingen (D-7-73-153-2#4),Point(10.319148921 48.568860575),,http://www.wikidata.org/entity/Q98724469
Schlossbrauerei Kirchberg 1 in Jetzendorf (D-1-86-132-4#2),Point(11.418675011 48.433926886),,http://www.wikidata.org/entity/Q98746994
Klosterbrauerei Fürstenfeld 6; Fürstenfeld 6 a; Fürstenfeld 6 b in Fürstenfeldbruck (D-1-79-121-46#2),Point(11.249230944 48.169098541),,http://www.wikidata.org/entity/Q98743888
Schlossbrauerei Hofmühlstraße 10 in Eichstätt (D-1-76-123-84#1),Point(11.167669696 48.893459837),,http://www.wikidata.org/entity/Q98743221
Sudhaus St.-Oswald-Straße 4 in Traunstein (D-1-89-155-36#1),Point(12.642033597 47.86560433),,http://www.wikidata.org/entity/Q98751971
Schlossbrauerei Hofmühlstraße 10 in Eichstätt (D-1-76-123-84#2),Point(11.168225632 48.893434449),,http://www.wikidata.org/entity/Q98743220
Kronenbrauerei Söflingen,Point(9.956052777 48.395288888),,http://www.wikidata.org/entity/Q107639964
Schwertbrauerei Ehingen,Point(9.722230555 48.283569444),,http://www.wikidata.org/entity/Q108399018
Brauhaus Weinstraße 7 in Rosenheim (D-1-63-000-211#1),Point(12.128908539 47.857528886),,http://www.wikidata.org/entity/Q98741193
Schlossbrauerei Obere Hofbreiten; Schloß Igling 2; Schloß Igling 5 in Igling (D-1-81-127-19#3),Point(10.808028218 48.067309423),,http://www.wikidata.org/entity/Q98744505
Schlossbrauerei Schloßhof 2 in Traunreut (D-1-89-154-82#1),Point(12.547940911 47.987203018),,http://www.wikidata.org/entity/Q98751926
Klosterbrauerei Weilheimer Straße 1 in Polling (bei Weilheim) (D-1-90-142-11#16),Point(11.132261178 47.811513174),,http://www.wikidata.org/entity/Q98752666
Brauhaus Attel 32; Attel 34; Attel 36 in Wasserburg am Inn (D-1-87-182-226#4),Point(12.174976694 48.023640056),,http://www.wikidata.org/entity/Q98749588
Brauerei Traunerstraße 1 in Traunstein (D-1-89-155-51#1),Point(12.651910561 47.869308244),,http://www.wikidata.org/entity/Q98751986
Gasthaus und Gosebrauerei Bayerischer Bahnhof,Point(12.3814075 51.3291278),,http://www.wikidata.org/entity/Q113867179
Brauerei Stadtplatz 8a in Neumarkt-Sankt Veit (D-1-83-129-67#1),Point(12.507982462 48.359960521),,http://www.wikidata.org/entity/Q98745489
Sudhaus Adlzreiterstraße 11; Landwehrstraße 3 in Rosenheim (D-1-63-000-69#2),Point(12.129543132 47.857737292),,http://www.wikidata.org/entity/Q98740865
Brauerei Landsberger Straße 31 in München (D-1-62-000-3750#5),Point(11.543164706 48.138386278),,http://www.wikidata.org/entity/Q98739915
Schlossbrauerei Weyhern 7; Weyhern 8 in Egenhofen (D-1-79-117-16#3),Point(11.151022803 48.283490372),,http://www.wikidata.org/entity/Q98743866
Löwenbrauerei (Trier),Point(6.649444 49.749444),,http://www.wikidata.org/entity/Q113445707
Schlossbrauerei Hohenlimburg,Point(7.56965 51.34855),,http://www.wikidata.org/entity/Q111846064
Schlossbrauerei Am Stadtberg 21; Am Stadtberg 21b in Dillingen an der Donau (D-7-73-125-236#3),Point(10.49622623 48.576350409),,http://www.wikidata.org/entity/Q98724233
Brauerei Münchener Straße 1; Münchener Straße 3 in Moosburg an der Isar (D-1-78-143-65#1),Point(11.934889395 48.466505853),,http://www.wikidata.org/entity/Q98743509
Hofbrauhaus Bräuhausstraße 17 in Berchtesgaden (D-1-72-116-295#2),Point(13.00746568 47.634815999),,http://www.wikidata.org/entity/Q98742011
Brauhaus Herrenchiemsee 3 in Chiemsee (Gemeinde) (D-1-87-123-19#1),Point(12.395902096 47.867206692),,http://www.wikidata.org/entity/Q98749035
Sudhaus Simpert-Kraemer-Straße 15 in Neuburg an der Kammel (D-7-74-162-18#1),Point(10.394689208 48.297805155),,http://www.wikidata.org/entity/Q98724865
Hofbrauhaus Mainburger Straße 26 in Freising (D-1-78-124-127#2),Point(11.747121912 48.405731842),,http://www.wikidata.org/entity/Q98743679
Baudenkmal D-4-76-146-69 in Küps,Point(11.279718864 50.21519552),,http://www.wikidata.org/entity/Q106539516
Brauereikeller Seiding 56 in Weyarn (D-1-82-137-115#1),Point(11.807277465 47.858488167),,http://www.wikidata.org/entity/Q98745222
Brauhaus Raitenhaslach 9 in Burghausen (D-1-71-112-333#3),Point(12.786350565 48.127728547),,http://www.wikidata.org/entity/Q98741421
Bierbrauerei Adolf-Kolping-Straße 5 in Ingolstadt (D-5-6626-0058#2),Point(11.423930089 48.767059374),,http://www.wikidata.org/entity/Q98738956
Mosbacher Brauhaus,Point(9.141519751 49.351298009),,http://www.wikidata.org/entity/Q112111482
Sudhaus Schloßbräugasse 2 in Au in der Hallertau (D-1-78-116-16#4),Point(11.74171564 48.558436364),,http://www.wikidata.org/entity/Q98743653
Hansa-Brauerei,Point(11.857888888 52.611888888),,http://www.wikidata.org/entity/Q110866870
Museumsbrauerei Goldkronach,Point(11.685944 50.009944),,http://www.wikidata.org/entity/Q111834667
Brauhaus Neuburger Straße 3 in Hohenwart (D-1-86-128-30#1),Point(11.382770248 48.593922608),,http://www.wikidata.org/entity/Q98746934
Schlossbrauerei Schloßhof 7 in Traunreut (D-1-89-154-82#2),Point(12.547738978 47.987727492),,http://www.wikidata.org/entity/Q98751924
Brauerei St.-Oswald-Straße 4 in Traunstein (D-1-89-155-36#2),Point(12.642601092 47.865789958),,http://www.wikidata.org/entity/Q98751974
Brauhaus Neuhofstraße D 228 in Neuburg an der Donau (D-1-85-149-165#3),Point(11.185756073 48.734119266),,http://www.wikidata.org/entity/Q98746388
Brauhaus Hartmannsdorf,Point(12.803027777 50.88675),,http://www.wikidata.org/entity/Q106874924
Brauerei Bräuhausplatz 3 in Haag in Oberbayern (D-1-83-119-2#1),Point(12.181147127 48.16152705),,http://www.wikidata.org/entity/Q98745304
Brauerei Sehensander Weg 4 in Neuburg an der Donau (D-1-85-149-186#2),Point(11.175976702 48.728967679),,http://www.wikidata.org/entity/Q98746402
Sudhaus Salzburger Straße 10 in Petting (Gemeinde) (D-1-89-135-50#1),Point(12.848729201 47.885476975),,http://www.wikidata.org/entity/Q98751494
Klosterbrauerei Landshuter Straße 31 in Freising (D-1-78-124-117#4),Point(11.75718479 48.406583229),,http://www.wikidata.org/entity/Q98743675
Bottroper Bier,Point(6.90024 51.52021),,http://www.wikidata.org/entity/Q109215190
Sudhaus Poststraße 1 in Teisendorf (D-1-72-134-26#1),Point(12.823376735 47.848553853),,http://www.wikidata.org/entity/Q98742204
Freyberg Brauerei,Point(11.960823 51.475008),,http://www.wikidata.org/entity/Q111217635
Zum Ochsen,Point(9.5512689 49.400204),,http://www.wikidata.org/entity/Q108096901
Brauerei Alte Bergstraße 488 in Landsberg am Lech (D-1-81-130-47#1),Point(10.879143068 48.048478993),,http://www.wikidata.org/entity/Q98744731
Bierbrauerei Adolf-Kolping-Straße 3 in Ingolstadt (D-1-61-000-616#1),Point(11.423584692 48.767053244),,http://www.wikidata.org/entity/Q98733155
Brauhaus Marktplatz 19 in Kipfenberg (D-1-76-138-33#1),Point(11.395515288 48.949636778),,http://www.wikidata.org/entity/Q98743300
Meinels Bas,Point(11.9183879 50.324971),,http://www.wikidata.org/entity/Q116036049
Brauerei Landsberger Straße 31 in München (D-1-62-000-3750#3),Point(11.543339554 48.138758561),,http://www.wikidata.org/entity/Q98739913
Sudhaus Am Esbaum 5 in Rosenheim (D-1-63-000-264#3),Point(12.124047178 47.854877513),,http://www.wikidata.org/entity/Q98741207
Hofbrauhaus Bräuhausstraße 13 in Berchtesgaden (D-1-72-116-295#1),Point(13.00667266 47.634270795),,http://www.wikidata.org/entity/Q98742010
